Success Rate,Average Distance Traveled,Collision Rate per Episode,Average Steps per Episode,Average Inference Time per Step (seconds),Average Speed (distance per second),Average Reward per Episode,Stage
0.0,0.0153755710130077,0.0,57.8,0.1106829494753511,8.303533480110724,42.59497156167689,chill-owl-867-1M
0.0,0.002885240226659455,0.0,17.8,0.23264457938376437,2.4801804824473197,2.4723967552185058,classy-skink-104
